,"总股本
[单位] 亿股",
时间,基本面50,上证50
2010-12-14,17273.7264,19993.7675
2010-12-15,17280.9362,20000.9773
2010-12-16,17438.2186,20158.2596
2010-12-17,17438.2186,20158.2596
2010-12-20,17438.2186,20158.2596
2010-12-21,17438.2186,20158.2596
2010-12-22,17438.2186,20158.2596
2010-12-23,17438.2186,20158.2596
2010-12-24,17438.2186,20158.2596
2010-12-27,17438.2186,20158.2596
2010-12-28,17475.594,20195.6351
2010-12-29,17495.594,20225.6351
2010-12-30,17495.594,20225.6351
2010-12-31,17495.594,20225.6351
2011-1-4,17495.594,20352.2356
2011-1-5,17495.594,20352.2356
2011-1-6,17495.594,20352.2356
2011-1-7,17495.5944,20352.236
2011-1-10,17495.5944,20352.236
2011-1-11,17495.5944,20352.236
2011-1-12,17495.5944,20352.236
2011-1-13,17495.5944,20352.236
2011-1-14,17495.5944,20352.236
2011-1-17,17495.5944,20352.236
2011-1-18,17495.5944,20352.236
2011-1-19,17495.5944,20352.236
2011-1-20,17495.5944,20352.236
2011-1-21,17495.5944,20352.236
2011-1-24,17495.5944,20352.236
2011-1-25,17495.5944,20352.236
2011-1-26,17495.5944,20352.236
2011-1-27,17495.5944,20352.236
2011-1-28,17495.5944,20352.236
2011-1-31,17495.5944,20352.236
2011-2-1,17495.5944,20352.236
2011-2-9,17495.5944,20352.236
2011-2-10,17495.5944,20352.236
2011-2-11,17495.5944,20352.236
2011-2-14,17495.5944,20352.236
2011-2-15,17495.5944,20352.236
2011-2-16,17495.5944,20352.236
2011-2-17,17495.5944,20352.236
2011-2-18,17495.5944,20352.236
2011-2-21,17495.5944,20352.236
2011-2-22,17495.5944,20352.236
2011-2-23,17495.5944,20352.236
2011-2-24,17495.5944,20352.236
2011-2-25,17495.5944,20352.236
2011-2-28,17495.5944,20352.236
2011-3-1,17495.5944,20352.236
2011-3-2,17495.5944,20352.236
2011-3-3,17495.5944,20352.236
2011-3-4,17495.5944,20352.236
2011-3-7,17495.5944,20352.236
2011-3-8,17495.5944,20352.236
2011-3-9,17495.5944,20352.236
2011-3-10,17495.5944,20352.236
2011-3-11,17495.5944,20352.236
2011-3-14,17495.5944,20352.236
2011-3-15,17495.5944,20352.236
2011-3-16,17495.5944,20352.236
2011-3-17,17498.3744,20352.236
2011-3-18,17498.3744,20352.236
2011-3-21,17498.3744,20352.236
2011-3-22,17498.3744,20352.236
2011-3-23,17498.3744,20352.236
2011-3-24,17498.3744,20352.236
2011-3-25,17498.3744,20352.236
2011-3-28,17498.3744,20352.236
2011-3-29,17498.3744,20352.236
2011-3-30,17498.3744,20352.236
2011-3-31,17498.3744,20352.236
2011-4-1,17498.3744,20352.236
2011-4-6,17498.3744,20352.236
2011-4-7,17498.3809,20352.2424
2011-4-8,17498.3809,20352.2424
2011-4-11,17516.0247,20352.2424
2011-4-12,17516.0247,20352.2424
2011-4-13,17538.5809,20374.7987
2011-4-14,17538.5809,20374.7987
2011-4-15,17538.5809,20374.7987
2011-4-18,17538.5809,20374.7987
2011-4-19,17538.5809,20374.7987
2011-4-20,17538.5809,20374.7987
2011-4-21,17538.5809,20374.7987
2011-4-22,17538.5809,20400.111
2011-4-25,17538.5809,20400.111
2011-4-26,17538.5809,20400.111
2011-4-27,17538.5809,20400.111
2011-4-28,17557.1729,20418.703
2011-4-29,17557.1729,20418.703
2011-5-3,17557.1729,20418.703
2011-5-4,17557.1729,20418.703
2011-5-5,17557.1729,20418.703
2011-5-6,17605.1125,20466.6426
2011-5-9,17605.1125,20466.6426
2011-5-10,17605.1125,20466.6426
2011-5-11,17605.1125,20466.6426
2011-5-12,17605.1125,20470.6794
2011-5-13,17605.1125,20470.6794
2011-5-16,17605.1125,20470.6794
2011-5-17,17605.1125,20484.4063
2011-5-18,17605.1125,20484.4063
2011-5-19,17605.1125,20484.4063
2011-5-20,17605.1125,20484.4063
2011-5-23,17605.1125,20484.4063
2011-5-24,17605.1125,20484.4063
2011-5-25,17605.1125,20484.4063
2011-5-26,17605.1125,20484.4063
2011-5-27,17605.1125,20484.4063
2011-5-30,17605.1125,20484.4063
2011-5-31,17605.1125,20484.4063
2011-6-1,17615.1125,20484.4063
2011-6-2,17615.1125,20484.4063
2011-6-3,17658.1598,20527.4535
2011-6-7,17658.1598,20533.5356
2011-6-8,17658.1598,20533.5356
2011-6-9,17658.1598,20537.8049
2011-6-10,17658.1598,20537.8049
2011-6-13,17658.1598,20537.8049
2011-6-14,17658.1618,20537.8069
2011-6-15,17658.1618,20537.8069
2011-6-16,17658.1618,20537.8069
2011-6-17,17658.1618,20537.8069
2011-6-20,17660.8818,20540.5269
2011-6-21,17660.8818,20540.5269
2011-6-22,17660.8818,20540.5269
2011-6-23,17660.8818,20540.5269
2011-6-24,17676.6444,20540.5269
2011-6-27,17676.6444,20540.5269
2011-6-28,17676.6444,20552.0324
2011-6-29,17676.6444,20552.0324
2011-6-30,17676.6444,20552.0324
2011-7-1,21380.0891,17396.5136
2011-7-4,21380.0891,17469.2202
2011-7-5,21380.09,17469.221
2011-7-6,21380.09,17469.221
2011-7-7,21380.09,17469.221
2011-7-8,21380.09,17469.221
2011-7-11,21380.09,17469.221
2011-7-12,21380.09,17469.221
2011-7-13,21432.8262,17469.221
2011-7-14,21432.8262,17469.221
2011-7-15,21432.8262,17469.221
2011-7-18,21432.8262,17469.221
2011-7-19,21489.0859,17525.4807
2011-7-20,21489.0859,17525.4807
2011-7-21,21489.0859,17525.4807
2011-7-22,21489.0859,17525.4807
2011-7-25,21489.0859,17525.4807
2011-7-26,21489.0859,17525.4807
2011-7-27,21489.0859,17525.4807
2011-7-28,21489.0859,17525.4807
2011-7-29,21489.0859,17525.4807
2011-8-1,21489.0859,17525.4807
2011-8-2,21489.0859,17525.4807
2011-8-3,21513.8895,17525.4807
2011-8-4,21513.8895,17525.4807
2011-8-5,21513.8895,17525.4807
2011-8-8,21513.8895,17525.4807
2011-8-9,21513.8895,17525.4807
2011-8-10,21513.8895,17525.4807
2011-8-11,21513.8895,17525.4807
2011-8-12,21513.8895,17525.4807
2011-8-15,21513.8895,17525.4807
2011-8-16,21513.8895,17525.4807
2011-8-17,21513.8895,17525.4807
2011-8-18,21513.8895,17526.602
2011-8-19,21513.8895,17526.602
2011-8-22,21513.8895,17526.602
2011-8-23,21513.8895,17526.602
2011-8-24,21513.8895,17526.602
2011-8-25,21513.8895,17526.602
2011-8-26,21513.8895,17526.602
2011-8-29,21513.8895,17526.602
2011-8-30,21513.8895,17526.602
2011-8-31,21513.8895,17526.602
2011-9-1,21513.8895,17526.602
2011-9-2,21513.8895,17526.602
2011-9-5,21513.8895,17526.602
2011-9-6,21513.8895,17526.602
2011-9-7,21513.8895,17526.602
2011-9-8,21513.8895,17526.602
2011-9-9,21513.8895,17526.602
2011-9-13,21513.8895,17526.602
2011-9-14,21513.8895,17526.602
2011-9-15,21513.8895,17526.602
2011-9-16,21513.8895,17526.602
2011-9-19,21513.8895,17526.602
2011-9-20,21513.8895,17526.602
2011-9-21,21513.8895,17526.602
2011-9-22,21513.8895,17526.602
2011-9-23,21513.8895,17526.602
2011-9-26,21513.8895,17526.602
2011-9-27,21513.8895,17526.602
2011-9-28,21513.8895,17526.602
2011-9-29,21513.8895,17526.602
2011-9-30,21513.8895,17526.602
2011-10-10,21523.8425,17536.555
2011-10-11,21523.8435,17536.5561
2011-10-12,21523.8435,17536.5561
2011-10-13,21523.8435,17536.5561
2011-10-14,21523.8435,17536.5561
2011-10-17,21523.8435,17536.5561
2011-10-18,21523.8435,17536.5561
2011-10-19,21523.8435,17536.5561
2011-10-20,21523.8435,17536.5561
2011-10-21,21523.8435,17536.5561
2011-10-24,21523.8435,17536.5561
2011-10-25,21523.8435,17536.5561
2011-10-26,21523.8435,17536.5561
2011-10-27,21523.8435,17536.5561
2011-10-28,21523.8435,17536.5561
2011-10-31,21523.8435,17536.5561
2011-11-1,21524.6026,17592.319
2011-11-2,21524.6026,17592.319
2011-11-3,21524.6026,17592.319
2011-11-4,21524.6026,17592.319
2011-11-7,21524.6026,17592.319
2011-11-8,21524.6026,17592.319
2011-11-9,21524.6026,17592.319
2011-11-10,21524.6026,17592.319
2011-11-11,21524.6026,17592.319
2011-11-14,21524.6026,17592.319
2011-11-15,21524.6026,17592.319
2011-11-16,21524.6026,17592.319
2011-11-17,21524.6026,17592.319
2011-11-18,21524.6026,17592.319
2011-11-21,21524.6026,17592.319
2011-11-22,21524.6026,17592.319
2011-11-23,21524.6026,17592.319
2011-11-24,21524.6026,17592.319
2011-11-25,21524.6026,17592.319
2011-11-28,21524.6026,17592.319
2011-11-29,21524.6026,17592.319
2011-11-30,21524.6026,17592.319
2011-12-1,21524.6026,17592.319
2011-12-2,21562.0208,17592.319
2011-12-5,21562.0208,17592.319
2011-12-6,21562.0208,17592.319
2011-12-7,21562.0208,17592.319
2011-12-8,21562.0208,17592.319
2011-12-9,21562.0208,17592.319
2011-12-12,21562.0208,17592.319
2011-12-13,21562.0208,17592.319
2011-12-14,21562.0208,17592.319
2011-12-15,21562.0208,17592.319
2011-12-16,21562.0208,17592.319
2011-12-19,21562.0208,17592.319
2011-12-20,21562.0208,17592.319
2011-12-21,21562.0208,17592.319
2011-12-22,21562.0208,17592.319
2011-12-23,21562.0208,17592.319
2011-12-26,21562.0208,17592.319
2011-12-27,21562.0208,17592.319
2011-12-28,21562.0208,17592.319
2011-12-29,21562.0208,17592.319
2011-12-30,21579.8523,17610.1505
2012-1-4,21579.8523,14931.7091
2012-1-5,21579.8524,14931.7092
2012-1-6,21580.4896,14932.3463
2012-1-9,21580.4896,14932.3463
2012-1-10,21580.4896,14932.3463
2012-1-11,21580.4896,14932.3463
2012-1-12,21580.4896,14932.3463
2012-1-13,21580.4896,14932.3463
2012-1-16,21580.4896,14932.3463
2012-1-17,21580.4896,14932.3463
2012-1-18,21580.4896,14932.3463
2012-1-19,21580.4896,14932.3463
2012-1-20,21580.4896,14932.3463
2012-1-30,21580.4896,14932.3463
2012-1-31,21580.4896,14932.3463
2012-2-1,21580.4896,14932.3463
2012-2-2,21580.4896,14932.3463
2012-2-3,21580.4896,14932.3463
2012-2-6,21580.4896,14932.3463
2012-2-7,21580.4896,14932.3463
2012-2-8,21580.4896,14932.3463
2012-2-9,21580.4896,14932.3463
2012-2-10,21580.4896,14932.3463
2012-2-13,21580.4896,14932.3463
2012-2-14,21580.4896,14932.3463
2012-2-15,21580.4896,14932.3463
2012-2-16,21580.4896,14932.3463
2012-2-17,21580.4896,14932.3463
2012-2-20,21580.4896,14932.3463
2012-2-21,21580.4896,14932.3463
2012-2-22,21580.4896,14932.3463
2012-2-23,21580.4896,14932.3463
2012-2-24,21580.4896,14932.3463
2012-2-27,21580.4896,14932.3463
2012-2-28,21580.4896,14932.3463
2012-2-29,21580.4896,14932.3463
2012-3-1,21580.4896,14932.3463
2012-3-2,21580.4896,14932.3463
2012-3-5,21580.4896,14932.3463
2012-3-6,21580.4896,14932.3463
2012-3-7,21580.4896,14932.3463
2012-3-8,21580.4896,14932.3463
2012-3-9,21580.4896,14932.3463
2012-3-12,21580.4896,14932.3463
2012-3-13,21580.4896,14952.5469
2012-3-14,21580.4896,14952.5469
2012-3-15,21580.4896,14952.5469
2012-3-16,21580.4896,14952.5469
2012-3-19,21580.4896,14972.1769
2012-3-20,21580.4896,14972.1769
2012-3-21,21580.4896,14972.1769
2012-3-22,21580.4896,14972.1769
2012-3-23,21580.4896,14972.1769
2012-3-26,21580.4896,14972.1769
2012-3-27,21580.4896,14972.1769
2012-3-28,21591.5486,14983.2359
2012-3-29,21591.5486,14983.2359
2012-3-30,21591.5486,14983.2359
2012-4-5,21608.0571,14999.7444
2012-4-6,21611.5358,15003.223
2012-4-9,21611.5358,15003.223
2012-4-10,21611.5358,15003.223
2012-4-11,21611.5381,15003.223
2012-4-12,21611.5381,15003.223
2012-4-13,21611.5381,15003.223
2012-4-16,21611.5381,15003.223
2012-4-17,21611.5381,15003.223
2012-4-18,21611.5381,15003.223
2012-4-19,21611.5381,15003.223
2012-4-20,21611.5381,15003.223
2012-4-23,21611.5381,15003.223
2012-4-24,21611.5381,15003.223
2012-4-25,21611.5381,15003.223
2012-4-26,21611.5381,15003.223
2012-4-27,21623.8321,15015.517
2012-5-2,21623.8321,15015.517
2012-5-3,21623.8321,15015.517
2012-5-4,21623.8321,15027.6272
2012-5-7,21623.8321,15027.6272
2012-5-8,21623.8321,15027.6272
2012-5-9,21623.8321,15027.6272
2012-5-10,21623.8321,15027.6272
2012-5-11,21623.8321,15027.6272
2012-5-14,21623.8321,15027.6272
2012-5-15,21623.8321,15027.6272
2012-5-16,21623.8321,15027.6272
2012-5-17,21623.8321,15027.6272
2012-5-18,21623.8321,15027.6272
2012-5-21,21623.8321,15027.6272
2012-5-22,21625.1071,15028.9022
2012-5-23,21625.1071,15028.9022
2012-5-24,21625.1071,15028.9022
2012-5-25,21625.1071,15028.9022
2012-5-28,21625.1071,15028.9022
2012-5-29,21625.1071,15028.9022
2012-5-30,21625.1071,15028.9022
2012-5-31,21625.1071,15028.9022
2012-6-1,21625.1071,15028.9022
2012-6-4,21625.1071,15028.9022
2012-6-5,21625.1071,15028.9022
2012-6-6,21625.1071,15028.9022
2012-6-7,21625.1071,15028.9022
2012-6-8,21625.1071,15028.9022
2012-6-11,21625.1079,15028.9022
2012-6-12,21625.1079,15028.9022
2012-6-13,21625.1851,15028.9794
2012-6-14,21625.1851,15028.9794
2012-6-15,21625.1851,15028.9794
2012-6-18,21625.1851,15040.876
2012-6-19,21625.1851,15040.876
2012-6-20,21625.1851,15040.876
2012-6-21,21625.1851,15040.876
2012-6-25,21625.1851,15040.876
2012-6-26,21625.1851,15040.876
2012-6-27,21625.1851,15040.876
2012-6-28,21625.1851,15040.876
2012-6-29,21625.1851,15040.876
2012-7-2,21608.3989,15025.0859
2012-7-3,21608.3989,15025.0859
2012-7-4,21608.4003,15025.0871
2012-7-5,21608.4003,15025.0871
2012-7-6,21608.4003,15025.0871
2012-7-9,21608.4003,15025.0871
2012-7-10,21612.2686,15025.0871
2012-7-11,21626.9355,15039.754
2012-7-12,21626.9355,15039.754
2012-7-13,21626.9355,15039.754
2012-7-16,21626.9355,15039.754
2012-7-17,21626.9355,15039.754
2012-7-18,21626.9355,15039.754
2012-7-19,21626.9355,15039.754
2012-7-20,21626.9355,15039.754
2012-7-23,21626.9355,15039.754
2012-7-24,21626.9355,15039.754
2012-7-25,21626.9355,15039.754
2012-7-26,21626.9355,15039.754
2012-7-27,21626.9355,15039.754
2012-7-30,21626.9355,15039.754
2012-7-31,21626.9355,15039.754
2012-8-1,21626.9355,15039.754
2012-8-2,21626.9355,15039.754
2012-8-3,21626.9355,15039.754
2012-8-6,21626.9355,15039.754
2012-8-7,21626.9355,15039.754
2012-8-8,21626.9355,15039.754
2012-8-9,21626.9355,15039.754
2012-8-10,21626.9355,15039.754
2012-8-13,21626.9355,15039.754
2012-8-14,21626.9355,15039.754
2012-8-15,21626.9355,15039.754
2012-8-16,21626.9355,15039.754
2012-8-17,21626.9355,15039.754
2012-8-20,21626.9355,15039.754
2012-8-21,21626.9355,15049.5648
2012-8-22,21626.9355,15049.5648
2012-8-23,21626.9355,15049.5648
2012-8-24,21626.9355,15049.5648
2012-8-27,21750.7067,15173.336
2012-8-28,21750.7067,15173.336
2012-8-29,21750.7067,15173.336
2012-8-30,21750.7067,15173.336
2012-8-31,21750.7067,15173.336
2012-9-3,21750.7067,15173.336
2012-9-4,21750.7067,15173.336
2012-9-5,21750.7067,15173.336
2012-9-6,21750.7067,15173.336
2012-9-7,21750.7067,15173.336
2012-9-10,21750.7067,15173.336
2012-9-11,21750.7067,15173.336
2012-9-12,21750.7067,15173.336
2012-9-13,21750.7067,15173.336
2012-9-14,21750.7068,15173.3361
2012-9-17,21750.7068,15173.3361
2012-9-18,21750.7068,15173.3361
2012-9-19,21750.7068,15173.3361
2012-9-20,21750.7068,15173.3361
2012-9-21,21750.7068,15173.3361
2012-9-24,21750.7068,15173.3361
2012-9-25,21750.7068,15173.3361
2012-9-26,21750.7068,15173.3361
2012-9-27,21750.7068,15173.3361
2012-9-28,21750.7068,15173.3361
2012-10-8,21750.7068,15173.3361
2012-10-9,21750.7069,15173.3362
2012-10-10,21750.7069,15173.3362
2012-10-11,21750.7069,15173.3362
2012-10-12,21750.707,15173.3362
2012-10-15,21750.707,15173.3362
2012-10-16,21750.707,15173.3362
2012-10-17,21750.707,15173.3362
2012-10-18,21750.707,15173.3362
2012-10-19,21750.707,15173.3362
2012-10-22,21750.707,15173.3362
2012-10-23,21750.707,15173.3362
2012-10-24,21750.707,15173.3362
2012-10-25,21750.707,15173.3362
2012-10-26,21750.707,15173.3362
2012-10-29,21750.707,15173.3362
2012-10-30,21750.707,15173.3362
2012-10-31,21750.707,15173.3362
2012-11-1,21750.707,15173.3362
2012-11-2,21750.707,15173.3362
2012-11-5,21750.707,15173.3362
2012-11-6,21750.707,15173.3362
2012-11-7,21750.707,15173.3362
2012-11-8,21750.707,15173.3362
2012-11-9,21750.707,15173.3362
2012-11-12,21750.707,15173.3362
2012-11-13,21750.707,15173.3362
2012-11-14,21750.707,15173.3362
2012-11-15,21755.327,15177.9562
2012-11-16,21755.327,15177.9562
2012-11-19,21755.327,15177.9562
2012-11-20,21755.327,15177.9562
2012-11-21,21755.327,15177.9562
2012-11-22,21755.327,15177.9562
2012-11-23,21755.327,15177.9562
2012-11-26,21755.327,15177.9562
2012-11-27,21755.327,15177.9562
2012-11-28,21755.327,15177.9562
2012-11-29,21755.327,15177.9562
2012-11-30,21755.327,15177.9562
2012-12-3,21755.327,15177.9562
2012-12-4,21755.327,15177.9562
2012-12-5,21755.327,15177.9562
2012-12-6,21755.327,15177.9562
2012-12-7,21755.327,15177.9562
2012-12-10,21755.327,15177.9562
2012-12-11,21755.327,15177.9562
2012-12-12,21755.327,15177.9562
2012-12-13,21755.327,15177.9562
2012-12-14,21755.327,15177.9562
2012-12-17,21755.327,15177.9562
2012-12-18,21755.327,15177.9562
2012-12-19,21755.327,15177.9562
2012-12-20,21751.427,15174.0562
2012-12-21,21751.427,15174.0562
2012-12-24,21751.427,15174.0562
2012-12-25,21751.427,15174.0562
2012-12-26,21751.427,15174.0562
2012-12-27,21751.427,15174.0562
2012-12-28,21751.427,15174.0562
2012-12-31,21751.427,15174.0562
2013-1-4,21751.427,15034.5456
2013-1-7,21751.427,15034.5456
2013-1-8,21754.4022,15037.5207
2013-1-9,21773.5537,15056.6722
2013-1-10,21791.9024,15056.6722
2013-1-11,21791.9024,15056.6722
2013-1-14,21791.9024,15059.3943
2013-1-15,21791.9024,15059.3943
2013-1-16,21791.9024,15059.3943
2013-1-17,21791.9024,15059.3943
2013-1-18,21791.9024,15059.3943
2013-1-21,21791.9024,15059.3943
2013-1-22,21791.9024,15059.3943
2013-1-23,21791.9024,15059.3943
2013-1-24,21791.9024,15059.3943
2013-1-25,21791.9024,15059.3943
2013-1-28,21791.9024,15059.3943
2013-1-29,21791.9024,15059.3943
2013-1-30,21791.9024,15059.3943
2013-1-31,21791.9024,15059.3943
2013-2-1,21793.8304,15075.1838
2013-2-4,21793.8304,15075.4118
2013-2-5,21793.8304,15075.4118
2013-2-6,21793.8304,15075.4118
2013-2-7,21793.8304,15075.4118
2013-2-8,21793.8304,15075.4118
2013-2-18,21822.2827,15103.8642
2013-2-19,21822.2827,15103.8642
2013-2-20,21822.2827,15103.8642
2013-2-21,21822.2827,15103.8642
2013-2-22,21822.2827,15103.8642
2013-2-25,21822.2827,15103.8642
2013-2-26,21822.2827,15103.8642
2013-2-27,21822.2827,15103.8642
2013-2-28,21822.2862,15103.8642
2013-3-1,21822.2862,15103.8642
2013-3-4,21822.2862,15103.8642
2013-3-5,21822.2862,15103.8642
2013-3-6,21822.2862,15103.8642
2013-3-7,21822.2862,15103.8642
2013-3-8,21822.2862,15103.8642
2013-3-11,21822.2862,15103.8642
2013-3-12,21822.2862,15103.8642
2013-3-13,21822.2862,15103.8642
2013-3-14,21822.2862,15103.8642
2013-3-15,21822.2862,15103.8642
2013-3-18,21822.2862,15103.8642
2013-3-19,21822.2862,15103.8642
2013-3-20,21822.2862,15103.8642
2013-3-21,21822.2862,15103.8642
2013-3-22,21822.2862,15103.8642
2013-3-25,21822.2862,15103.8642
2013-3-26,21822.2862,15103.8642
2013-3-27,21822.2862,15103.8642
2013-3-28,21822.2862,15103.8642
2013-3-29,21822.2862,15103.8642
2013-4-1,21822.2862,15103.8642
2013-4-2,21822.2868,15103.8647
2013-4-3,21822.5258,15104.1035
2013-4-8,21822.5258,15104.1035
2013-4-9,21822.5258,15104.1035
2013-4-10,21822.5258,15104.1035
2013-4-11,21822.5258,15104.1035
2013-4-12,21822.5258,15104.1035
2013-4-15,21822.5258,15104.1035
2013-4-16,21822.5258,15104.1035
2013-4-17,21822.5258,15104.1035
2013-4-18,21822.5258,15104.1035
2013-4-19,21822.5258,15104.1035
2013-4-22,21822.5258,15104.1035
2013-4-23,21822.5258,15104.1035
2013-4-24,21822.5258,15104.1035
2013-4-25,21822.5258,15104.1035
2013-4-26,21822.6379,15104.1035
2013-5-2,21822.6379,15104.1035
2013-5-3,21822.6379,15104.1035
2013-5-6,21822.6379,15104.1035
2013-5-7,21822.6379,15104.1035
2013-5-8,21822.6462,15104.1035
2013-5-9,21822.6462,15104.1035
2013-5-10,21822.6462,15104.1035
2013-5-13,21822.6462,15104.1035
2013-5-14,21822.6462,15104.1035
2013-5-15,21822.6462,15104.1035
2013-5-16,21822.6462,15104.1035
2013-5-17,21822.6465,15104.1035
2013-5-20,21822.6465,15104.1035
2013-5-21,21822.6465,15104.1035
2013-5-22,21822.6465,15104.1035
2013-5-23,21816.1433,15097.6003
2013-5-24,21816.1433,15097.6003
2013-5-27,21816.1433,15097.6003
2013-5-28,21816.1433,15097.6003
2013-5-29,21816.1433,15097.6003
2013-5-30,21816.1433,15097.6003
2013-5-31,21816.1433,15097.6003
2013-6-3,21816.1433,15097.6003
2013-6-4,21816.1433,15097.6003
2013-6-5,21816.1433,15097.6003
2013-6-6,21816.145,15097.6003
2013-6-7,21816.145,15097.6003
2013-6-13,21816.1451,15097.6005
2013-6-14,21816.1451,15097.6005
2013-6-17,21816.1451,15097.6005
2013-6-18,21816.1451,15099.1401
2013-6-19,22085.1428,15368.1378
2013-6-20,22115.8829,15368.1378
2013-6-21,22115.8829,15368.1378
2013-6-24,22115.8829,15385.6596
2013-6-25,22115.8829,15385.6596
2013-6-26,22115.8834,15385.6596
2013-6-27,22115.8834,15385.6596
2013-6-28,22115.8834,15385.6596
2013-7-1,22145.536,15178.9157
2013-7-2,22145.536,15179.0967
2013-7-3,22209.1053,15242.6659
2013-7-4,22209.1053,15242.6659
2013-7-5,22209.1053,15242.6659
2013-7-8,22209.1053,15242.6659
2013-7-9,22209.1053,15242.6659
2013-7-10,22209.1053,15242.6659
2013-7-11,22209.1053,15242.6659
2013-7-12,22209.1053,15242.6659
2013-7-15,22209.1053,15242.6659
2013-7-16,22209.1053,15242.6659
2013-7-17,22209.1053,15242.6659
2013-7-18,22209.1053,15242.6659
2013-7-19,22209.1053,15242.6659
2013-7-22,22209.1053,15242.6659
2013-7-23,22209.1053,15242.6659
2013-7-24,22229.6545,15263.2151
2013-7-25,22229.6545,15263.2151
2013-7-26,22229.6545,15263.2151
2013-7-29,22229.6545,15263.2151
2013-7-30,22229.6545,15263.2151
2013-7-31,22229.6545,15263.2151
2013-8-1,22229.6545,15263.2151
2013-8-2,22229.6545,15263.2151
2013-8-5,22229.6545,15263.2151
2013-8-6,22229.6545,15263.2151
2013-8-7,22229.7158,15263.2151
2013-8-8,22229.7158,15263.2151
2013-8-9,22229.7158,15263.2151
2013-8-12,22229.7158,15263.2151
2013-8-13,22229.7158,15263.2151
2013-8-14,22229.7158,15263.2151
2013-8-15,22229.7158,15263.2151
2013-8-16,22229.7158,15263.2151
2013-8-19,22229.7158,15263.2151
2013-8-20,22229.7158,15263.2151
2013-8-21,22229.7158,15263.2151
2013-8-22,22229.7158,15263.2151
2013-8-23,22229.7158,15263.2151
2013-8-26,22229.7158,15263.2151
2013-8-27,22229.7158,15263.2151
2013-8-28,22229.7158,15263.2151
2013-8-29,22229.7158,15263.2151
2013-8-30,22229.7158,15263.2151
2013-9-2,22229.7158,15263.2151
2013-9-3,22229.7158,15263.2151
2013-9-4,22229.7158,15263.2151
2013-9-5,22259.344,15292.8432
2013-9-6,22259.344,15292.8432
2013-9-9,22229.7159,15263.2151
2013-9-10,22229.7159,15263.2151
2013-9-11,22259.344,15292.8432
2013-9-12,22259.344,15292.8432
2013-9-13,22259.344,15292.8432
2013-9-16,22259.344,15292.8432
2013-9-17,22259.344,15292.8432
2013-9-18,22259.344,15292.8432
2013-9-23,22259.344,15292.8432
2013-9-24,22259.344,15292.8432
2013-9-25,22259.344,15292.8432
2013-9-26,22259.344,15292.8432
2013-9-27,22259.344,15292.8432
2013-9-30,22259.344,15292.8432
2013-10-8,22266.1482,15299.6475
2013-10-9,22275.3871,15308.8768
2013-10-10,22275.3871,15308.8768
2013-10-11,22275.3871,15308.8768
2013-10-14,22275.3871,15308.8768
2013-10-15,22275.3871,15308.8768
2013-10-16,22275.3871,15308.8768
2013-10-17,22275.3871,15308.8768
2013-10-18,22275.3871,15308.8768
2013-10-21,22275.3871,15308.8768
2013-10-22,22275.3871,15308.8768
2013-10-23,22275.3871,15313.9347
2013-10-24,22275.3871,15313.9347
2013-10-25,22275.3871,15313.9347
2013-10-28,22275.3871,15313.9347
2013-10-29,22275.3871,15313.9347
2013-10-30,22275.3871,15313.9347
2013-10-31,22275.3871,15313.9347
2013-11-1,22275.3871,15313.9347
2013-11-4,22275.3871,15313.9347
2013-11-5,22275.3871,15313.9347
2013-11-6,22275.3871,15313.9347
2013-11-7,22275.3871,15313.9347
2013-11-8,22275.3871,15313.9347
2013-11-11,22275.3871,15313.9347
2013-11-12,22275.3871,15313.9347
2013-11-13,22275.3871,15313.9347
2013-11-14,22275.3871,15313.9347
2013-11-15,22275.3871,15313.5835
2013-11-18,22275.3871,15313.5835
2013-11-19,22275.3871,15313.5835
2013-11-20,22275.3871,15313.5835
2013-11-21,22275.3871,15313.5835
2013-11-22,22275.3871,15313.5835
2013-11-25,22275.3871,15313.5835
2013-11-26,22275.3871,15313.5835
2013-11-27,22275.3871,15313.5835
2013-11-28,22275.3871,15313.5835
2013-11-29,22275.3871,15313.5835
2013-12-2,22275.3871,15313.5835
2013-12-3,22275.3871,15313.5835
2013-12-4,22275.3871,15313.5835
2013-12-5,22275.3871,15313.5835
2013-12-6,22275.3871,15313.5835
2013-12-9,22275.3871,15313.5835
2013-12-10,22275.3871,15313.5835
2013-12-11,22275.3871,15313.5835
2013-12-12,22275.3871,15313.5835
2013-12-13,22275.3871,15313.5835
2013-12-16,22275.3871,15306.2024
2013-12-17,22275.3871,15306.2024
2013-12-18,22275.3871,15306.2024
2013-12-19,22275.3871,15306.2024
2013-12-20,22333.8071,15364.6224
2013-12-23,22333.8071,15364.6224
2013-12-24,22333.8071,15364.6224
2013-12-25,22333.8071,15364.6224
2013-12-26,22333.8071,15364.6224
2013-12-27,22333.8071,15364.6224
2013-12-30,22333.8071,15364.6224
2013-12-31,22333.8071,15364.6224
2014-1-2,22333.8071,15364.6224
2014-1-3,22333.8076,15366.8549
2014-1-6,22344.1433,15375.0296
2014-1-7,22344.1433,15375.0296
2014-1-8,22344.1433,15375.0296
2014-1-9,22357.3771,15375.0296
2014-1-10,22357.3771,15377.9402
2014-1-13,22357.3771,15377.9402
2014-1-14,22357.3771,15377.9402
2014-1-15,22361.4002,15381.9632
2014-1-16,22361.4002,15381.9632
2014-1-17,22361.4002,15381.9632
2014-1-20,22361.4002,15381.9632
2014-1-21,22361.4002,15381.9632
2014-1-22,22361.4002,15381.9632
2014-1-23,22361.4002,15381.9632
2014-1-24,22361.4002,15381.9632
2014-1-27,22361.4002,15402.2064
2014-1-28,22361.4002,15402.2064
2014-1-29,22361.4002,15402.2064
2014-1-30,22361.4002,15402.2064
2014-2-7,22361.4002,15402.2064
2014-2-10,22361.4002,15402.2064
2014-2-11,22361.4002,15402.2064
2014-2-12,22361.4002,15402.2064
2014-2-13,22361.4002,15402.2065
2014-2-14,22361.4002,15402.2065
2014-2-17,22361.4002,15402.2065
2014-2-18,22361.4002,15402.2065
2014-2-19,22361.4002,15402.2065
2014-2-20,22361.4002,15402.2065
2014-2-21,22361.4002,15402.2065
2014-2-24,22361.4002,15402.2065
2014-2-25,22361.4002,15402.2065
2014-2-26,22361.4002,15402.2065
2014-2-27,22361.4002,15402.2065
2014-2-28,22361.4002,15402.2065
2014-3-3,22361.4002,15402.2065
2014-3-4,22361.4002,15402.2065
2014-3-5,22361.4002,15402.2065
2014-3-6,22361.4002,15402.2065
2014-3-7,22361.4126,15402.2065
2014-3-10,22361.4126,15402.2065
2014-3-11,22361.4126,15402.2065
2014-3-12,22361.4126,15402.2065
2014-3-13,22361.4126,15402.2065
2014-3-14,22361.4126,15402.2065
2014-3-17,22361.4126,15402.2065
2014-3-18,22361.4126,15402.2065
2014-3-19,22361.4126,15402.2065
2014-3-20,22361.4126,15402.2065
2014-3-21,22361.4126,15402.2065
2014-3-24,22361.4126,15402.2065
2014-3-25,22361.4126,15402.2065
2014-3-26,22361.4126,15402.2065
2014-3-27,22361.4126,15402.2065
2014-3-28,22361.4126,15402.2065
2014-3-31,22361.4126,15401.0884
2014-4-1,22361.4126,15401.0884
2014-4-2,22363.7141,15403.3899
2014-4-3,22363.7254,15403.4011
2014-4-4,22363.7254,15403.4011
2014-4-8,22363.7254,15403.824
2014-4-9,22363.7254,15403.824
2014-4-10,22363.7254,15403.824
2014-4-11,22363.7254,15403.824
2014-4-14,22363.7254,15403.824
2014-4-15,22363.7254,15403.281
2014-4-16,22363.7254,15403.281
2014-4-17,22363.7254,15403.281
2014-4-18,22363.7254,15403.281
2014-4-21,22363.7254,15403.281
2014-4-22,22363.7254,15403.281
2014-4-23,22363.7254,15403.281
2014-4-24,22363.7254,15403.281
2014-4-25,22363.7254,15403.281
2014-4-28,22363.7254,15403.281
2014-4-29,22363.7254,15403.281
2014-4-30,22363.7254,15403.281
2014-5-5,22363.7254,15403.281
2014-5-6,22363.7254,15403.281
2014-5-7,22363.7254,15403.281
2014-5-8,22363.7254,15403.281
2014-5-9,22363.7254,15403.281
2014-5-12,22363.7254,15403.281
2014-5-13,22363.7254,15403.281
2014-5-14,22363.7254,15403.281
2014-5-15,22363.7254,15403.281
2014-5-16,22363.7254,15403.281
2014-5-19,22363.7254,15403.281
2014-5-20,22363.7254,15403.281
2014-5-21,22363.7254,15403.281
2014-5-22,22399.4153,15438.971
2014-5-23,22399.4153,15457.183
2014-5-26,22399.4153,15457.183
2014-5-27,22399.4154,15457.1831
2014-5-28,22399.4154,15457.1831
2014-5-29,22399.4155,15468.6534
2014-5-30,22399.4155,15468.6534
2014-6-3,22399.4155,15468.6534
2014-6-4,22399.4155,15468.6534
2014-6-5,22399.4155,15468.6534
2014-6-6,22399.4155,15468.6534
2014-6-9,22399.416,15468.6534
2014-6-10,22399.416,15468.6534
2014-6-11,22399.416,15468.6534
2014-6-12,22418.4575,15468.6534
2014-6-13,22418.4938,15468.6898
2014-6-16,22433.8841,15300.2452
2014-6-17,22433.8841,15300.2452
2014-6-18,22435.0701,15301.4311
2014-6-19,22435.0701,15301.4311
2014-6-20,22435.0706,15301.4312
2014-6-23,22435.0706,15301.4312
2014-6-24,22435.0712,15301.4312
2014-6-25,22492.8421,15359.2021
2014-6-26,22492.8421,15359.2021
2014-6-27,22492.8421,15359.2021
2014-6-30,22492.8421,15359.2021
2014-7-1,22492.8421,15359.2021
2014-7-2,22492.8421,15359.2021
2014-7-3,22492.9587,15359.3187
2014-7-4,22492.9587,15367.2957
2014-7-7,22492.9587,15367.2957
2014-7-8,22492.9587,15367.2957
2014-7-9,22492.9587,15367.2957
2014-7-10,22492.9587,15367.2957
2014-7-11,22492.9587,15367.2957
2014-7-14,22492.9587,15367.2957
2014-7-15,22492.9587,15367.2957
2014-7-16,22492.9587,15377.5103
2014-7-17,22510.559,15395.1106
2014-7-18,22510.559,15395.1106
2014-7-21,22510.559,15395.1106
2014-7-22,22510.559,15395.1106
2014-7-23,22510.559,15395.1106
2014-7-24,22510.559,15395.1106
2014-7-25,22510.559,15395.1106
2014-7-28,22510.559,15395.1106
2014-7-29,22510.559,15395.1106
2014-7-30,22510.559,15395.1106
2014-7-31,22510.559,15395.1106
2014-8-1,22510.559,15395.1106
2014-8-4,22510.559,15395.1106
2014-8-5,22510.559,15395.1106
2014-8-6,22510.559,15395.1106
2014-8-7,22510.559,15395.1106
2014-8-8,22510.559,15395.1106
2014-8-11,22510.559,15395.1106
2014-8-12,22510.559,15416.4316
2014-8-13,22510.559,15416.4316
2014-8-14,22510.559,15416.4316
2014-8-15,22510.559,15416.4316
2014-8-18,22510.559,15416.4316
2014-8-19,22510.5591,15416.4316
2014-8-20,22510.5591,15416.4316
2014-8-21,22510.5591,15416.4316
2014-8-22,22510.5591,15416.4316
2014-8-25,22510.5591,15417.1738
2014-8-26,22510.5591,15417.1738
2014-8-27,22510.5591,15417.1738
2014-8-28,22510.5591,15417.1738
2014-8-29,22510.5591,15417.1738
2014-9-1,22510.5591,15417.1738
2014-9-2,22510.5591,15417.1738
2014-9-3,22510.5591,15417.1738
2014-9-4,22510.5591,15417.1738
2014-9-5,22510.5596,15417.1744
2014-9-9,22510.5596,15417.1744
2014-9-10,22510.5596,15417.1744
2014-9-11,22510.5596,15417.3739
2014-9-12,22510.5596,15417.3739
2014-9-15,22510.5596,15417.3739
2014-9-16,22510.5596,15417.3739
2014-9-17,22510.756,15417.5703
2014-9-18,22510.7564,15417.5707
2014-9-19,22510.7564,15417.5707
2014-9-22,22510.7564,15417.5707
2014-9-23,22510.7564,15417.5707
2014-9-24,22510.7564,15417.5707
2014-9-25,22510.7564,15417.5707
2014-9-26,22510.7564,15417.5707
2014-9-29,22510.7564,15497.5966
2014-9-30,22510.7564,15497.5966
2014-10-8,22510.7564,15497.5966
2014-10-9,22513.5321,15498.6659
2014-10-10,22513.5326,15499.6706
2014-10-13,22513.5326,15499.6706
2014-10-14,22513.5326,15499.6706
2014-10-15,22513.5326,15499.6706
2014-10-16,22513.5326,15499.6706
2014-10-17,22513.5326,15499.6706
2014-10-20,22513.5326,15499.6706
2014-10-21,22513.5326,15499.6706
2014-10-22,22513.5326,15499.6706
2014-10-23,22513.5326,15499.6706
2014-10-24,22513.5326,15499.6706
2014-10-27,22513.5326,15499.6706
2014-10-28,22513.5326,15499.6706
2014-10-29,22513.5326,15499.6706
2014-10-30,22513.5326,15499.6706
2014-10-31,22513.5326,15499.6706
2014-11-3,22513.5326,15499.6706
2014-11-4,22513.5326,15499.6706
2014-11-5,22513.5326,15499.6706
2014-11-6,22513.5326,15499.6706
2014-11-7,22513.5326,15499.6706
2014-11-10,22513.5326,15499.6706
2014-11-11,22513.5326,15499.6706
2014-11-12,22513.5326,15499.6706
2014-11-13,22513.5326,15499.6706
2014-11-14,22517.1826,15499.6706
2014-11-17,22517.1826,15499.6706
2014-11-18,22517.1826,15504.9256
2014-11-19,22517.1826,15504.9256
2014-11-20,22517.1826,15504.9256
2014-11-21,22517.1826,15504.9256
2014-11-24,22517.1826,15504.9256
2014-11-25,22517.1826,15504.9256
2014-11-26,22517.1826,15504.9256
2014-11-27,22517.1826,15504.9256
2014-11-28,22517.2138,15504.9568
2014-12-1,22517.2138,15504.9568
2014-12-2,22517.2138,15507.002
2014-12-3,22527.3405,15507.002
2014-12-4,22527.3405,15507.002
2014-12-5,22527.3418,15507.002
2014-12-8,22527.3418,15507.002
2014-12-9,22533.2824,15512.9426
2014-12-10,22533.2824,15512.9426
2014-12-11,22533.2824,15512.9426
2014-12-12,22533.2824,15512.9426
2014-12-15,22533.2824,15852.6936
2014-12-16,22533.2754,15852.6936
2014-12-17,22533.2754,15852.6936
2014-12-18,22533.2754,15852.6936
2014-12-19,22533.2754,15852.6936
2014-12-22,22533.2754,15852.6936
2014-12-23,22533.2754,15852.6936
2014-12-24,22545.4509,15852.6936
2014-12-25,22545.4509,15852.6936
2014-12-26,22545.4509,15852.6949
2014-12-29,22549.1265,15852.6949
2014-12-30,22549.1265,15852.6949
2014-12-31,22550.261,15856.3165
2015-1-5,22550.261,15856.3165
2015-1-6,22650.8378,15874.9835
2015-1-7,22670.6605,15894.8061
2015-1-8,22670.6605,15894.8061
2015-1-9,22670.6605,15894.8061
2015-1-12,22670.6605,15894.8061
2015-1-13,22673.14,15897.2856
2015-1-14,22673.14,15897.2856
2015-1-15,22673.14,15897.2856
2015-1-16,22673.14,15897.2856
2015-1-19,22673.14,15897.2856
2015-1-20,22673.14,15897.2856
2015-1-21,22673.14,15897.2856
2015-1-22,22673.3958,15897.2856
2015-1-23,22673.3958,15897.2856
2015-1-26,22673.3958,15897.2856
2015-1-27,22673.3958,15897.2856
2015-1-28,22673.3958,15897.2856
2015-1-29,22673.3958,15897.2856
2015-1-30,22673.3958,15897.2856
2015-2-2,22673.3958,15897.2856
2015-2-3,22673.3958,15897.2856
2015-2-4,22690.5694,15898.0606
2015-2-5,22701.0708,15908.562
2015-2-6,22714.2264,15921.7111
2015-2-9,22714.2667,15921.7514
2015-2-10,22714.2667,15921.7514
2015-2-11,22714.2667,15921.7514
2015-2-12,22714.2667,15921.7491
2015-2-13,22731.6734,15939.1559
2015-2-16,22747.6447,15955.1272
2015-2-17,22747.6447,15955.1272
2015-2-25,22747.6447,15955.1272
2015-2-26,22747.6447,15955.1272
2015-2-27,22747.6447,15955.1272
2015-3-2,22755.9199,15955.1272
2015-3-3,22755.9638,15955.1272
2015-3-4,22775.3891,15955.1274
2015-3-5,22775.3891,15955.1274
2015-3-6,22775.3891,15955.1274
2015-3-9,22775.3891,15955.1274
2015-3-10,22796.132,15955.1274
2015-3-11,22796.132,15955.1274
2015-3-12,22796.132,15955.1274
2015-3-13,22796.132,15955.1274
2015-3-16,22796.132,15955.1274
2015-3-17,22796.132,15955.1274
2015-3-18,22796.132,15955.1274
2015-3-19,22796.132,15955.1274
2015-3-20,22796.132,15955.1274
2015-3-23,22796.132,15955.1274
2015-3-24,22796.132,15955.1274
2015-3-25,22796.132,15955.1274
2015-3-26,22796.132,15955.1274
2015-3-27,22796.132,15955.1274
2015-3-30,22796.132,15955.1274
2015-3-31,22796.132,15955.1274
2015-4-1,22796.132,15955.1274
2015-4-2,22796.1324,15955.1279
2015-4-3,22796.1324,15955.1279
2015-4-7,22796.1324,15955.1279
2015-4-8,22796.1324,15955.1279
2015-4-9,22796.1324,15955.1298
2015-4-10,22796.1324,15955.1298
2015-4-13,22818.9822,15955.1298
2015-4-14,22818.9822,15955.1298
2015-4-15,22818.9822,15955.1298
2015-4-16,22818.9822,15955.1298
2015-4-17,22818.9822,15955.1298
2015-4-20,22818.9822,15955.1298
2015-4-21,22818.9822,15955.1298
2015-4-22,22818.9822,15955.1298
2015-4-23,22818.9822,15955.1298
2015-4-24,22818.9822,15955.1298
2015-4-27,22818.9822,15955.1298
2015-4-28,22818.9822,15955.1298
2015-4-29,22818.9822,15955.1298
2015-4-30,22818.9822,15955.1298
2015-5-4,22818.9822,15955.1298
2015-5-5,22818.9822,15955.1298
2015-5-6,22818.9827,15955.1303
2015-5-7,22818.9827,15955.1277
2015-5-8,22818.9827,15955.1277
2015-5-11,22818.9827,15967.2379
2015-5-12,22818.9827,15967.2379
2015-5-13,22818.9827,15967.2379
2015-5-14,22818.9827,15967.2379
2015-5-15,22818.9827,15967.2379
2015-5-18,22818.9827,15977.7193
2015-5-19,22818.9827,15977.7193
2015-5-20,22696.3849,15826.3418
2015-5-21,22702.373,15890.0425
2015-5-22,22702.373,15890.0425
2015-5-25,22702.373,15890.0425
2015-5-26,22702.373,15890.0425
2015-5-27,22725.8436,15913.5131
2015-5-28,22725.8263,16109.7124
2015-5-29,22725.8263,16122.0344
2015-6-1,22837.2132,16256.1097
2015-6-2,22837.2132,16256.1097
2015-6-3,22837.5217,16256.4182
2015-6-4,22837.5217,16256.4182
2015-6-5,22841.7226,16260.6032
2015-6-8,22841.7226,16260.6032
2015-6-9,22841.7226,16260.6032
2015-6-10,22841.7226,16260.6032
2015-6-11,22841.7226,16260.6032
2015-6-12,22841.7226,16260.6032
2015-6-15,23068.3768,19638.6507
2015-6-16,23068.3768,19662.2353
2015-6-17,23068.5659,19662.4244
2015-6-18,23068.5659,19662.4244
2015-6-19,23068.5659,19662.4244
2015-6-23,23068.5659,19662.4244
2015-6-24,23121.1122,19675.0521
2015-6-25,23121.3054,19675.0521
2015-6-26,23144.093,19697.2898
2015-6-29,23144.093,19697.2898
2015-6-30,23144.093,19697.2898
2015-7-1,23144.093,19697.2898
2015-7-2,23144.093,19697.2898
2015-7-3,23174.1799,19697.2898
2015-7-6,23174.1799,19697.2898
2015-7-7,23174.1799,19697.2898
2015-7-8,23191.9891,19715.0991
2015-7-9,23191.9891,19715.0991
2015-7-10,23191.9891,19715.0991
2015-7-13,23191.9891,19715.0991
2015-7-14,23191.9891,19715.0991
2015-7-15,23191.9891,19715.0991
2015-7-16,23207.4332,19761.0044
2015-7-17,23229.6955,19783.2667
2015-7-20,23242.1155,19795.6867
2015-7-21,23242.1155,19795.6867
2015-7-22,23242.1155,19795.6867
2015-7-23,23242.1155,19795.6867
2015-7-24,23242.1155,19795.6867
2015-7-27,23333.5167,19887.0879
2015-7-28,23333.5167,19887.0879
2015-7-29,23333.5167,19887.0879
2015-7-30,23333.5167,19887.0879
2015-7-31,23333.5167,19887.0879
2015-8-3,23333.5686,19887.0879
2015-8-4,23333.5686,19887.0879
2015-8-5,23333.576,19887.397
2015-8-6,23333.576,19887.397
2015-8-7,23333.2801,19887.397
2015-8-10,23333.2801,19887.397
2015-8-11,23333.2801,19887.397
2015-8-12,23333.2801,19887.397
2015-8-13,23333.2801,19887.397
2015-8-14,23333.2801,19887.397
2015-8-17,23333.2801,19887.397
2015-8-18,23333.2801,19887.397
2015-8-19,23333.2801,19887.397
2015-8-20,23333.2801,19887.397
2015-8-21,23333.2801,19887.397
2015-8-24,23333.2801,19887.397
2015-8-25,23333.2801,19887.397
2015-8-26,23333.2801,19887.397
2015-8-27,23333.2801,19887.397
2015-8-28,23333.2801,19887.397
2015-8-31,23333.2801,19887.397
2015-9-1,23333.2801,19887.397
2015-9-2,23333.2801,19887.397
2015-9-7,23333.2801,19887.397
2015-9-8,23333.2801,19887.397
2015-9-9,23333.2801,19887.397
2015-9-10,23333.2801,19887.397
2015-9-11,23333.2801,19887.397
2015-9-14,23333.2801,19887.397
2015-9-15,23333.2801,19887.397
2015-9-16,23333.2801,19887.397
2015-9-17,23333.2801,19887.397
2015-9-18,23333.2801,19887.397
2015-9-21,23333.2801,19887.397
2015-9-22,23333.307,19887.4226
2015-9-23,23333.307,19887.4226
2015-9-24,23333.307,19887.4226
2015-9-25,23333.307,19887.4226
2015-9-28,23333.307,19887.4226
2015-9-29,23333.307,19887.4226
2015-9-30,23333.307,19887.4226
2015-10-8,23333.3138,19887.4226
2015-10-9,23333.3138,19887.4226
2015-10-12,23333.3138,19887.4226
2015-10-13,23333.3138,19887.4226
2015-10-14,23333.3138,19887.4226
2015-10-15,23333.3138,19887.4226
2015-10-16,23333.3138,19887.4226
2015-10-19,23333.3138,19887.4226
2015-10-20,23333.3138,19887.4226
2015-10-21,23333.3138,19887.4226
2015-10-22,23333.3138,19887.4226
2015-10-23,23333.3138,19887.4226
2015-10-26,23333.3138,19887.4226
2015-10-27,23333.3138,19887.4226
2015-10-28,23333.3138,19887.4226
2015-10-29,23333.3138,19887.4226
2015-10-30,23333.3138,19887.4226
2015-11-2,23333.3138,19887.4226
2015-11-3,23333.3138,19887.4226
2015-11-4,23333.3138,19887.4226
2015-11-5,23333.3138,19886.7831
2015-11-6,23333.3138,19886.7831
2015-11-9,23333.3138,19886.7831
2015-11-10,23333.3138,19886.7831
2015-11-11,23333.3138,19886.7831
2015-11-12,23333.3138,19886.7831
2015-11-13,23333.3138,19886.7831
2015-11-16,23333.3058,19886.7831
2015-11-17,23333.3058,19886.7831
2015-11-18,23333.3058,19886.7831
2015-11-19,23333.3058,19886.7831
2015-11-20,23333.3058,19886.7831
2015-11-23,23341.1058,19886.7831
2015-11-24,23341.1058,19886.7831
2015-11-25,23341.1058,19886.7831
2015-11-26,23341.1058,19886.7831
2015-11-27,23341.1058,19886.7831
2015-11-30,23341.1058,19886.7831
2015-12-1,23341.1058,19886.7831
2015-12-2,23341.1058,19886.7831
2015-12-3,23341.115,19886.7831
2015-12-4,23341.115,19886.7831
2015-12-7,23341.115,19886.7831
2015-12-8,23341.115,19886.7831
2015-12-9,23341.115,19886.7831
2015-12-10,23341.115,19886.7831
2015-12-11,23341.115,19886.7831
2015-12-14,23341.115,20269.4938
2015-12-15,23341.115,20269.4938
2015-12-16,23341.115,20269.4938
2015-12-17,23341.115,20269.4938
2015-12-18,23341.115,20269.4938
2015-12-21,23341.115,20269.4938
2015-12-22,23341.115,20269.4938
2015-12-23,23341.1052,20269.4938
2015-12-24,23341.1052,20269.4938
2015-12-25,23341.1052,20269.4938
2015-12-28,23341.1052,20269.4938
2015-12-29,23341.1052,20269.4938
2015-12-30,23341.1052,20269.4938
2015-12-31,23341.1052,20269.4938
2016-1-4,23341.1052,20269.4938
2016-1-5,23341.1161,20269.4938
2016-1-6,23341.1161,20269.4938
2016-1-7,23341.1161,20269.4938
2016-1-8,23341.1308,20269.5085
2016-1-11,23341.1308,20269.5085
2016-1-12,23341.1308,20269.5085
2016-1-13,23341.1308,20269.5085
2016-1-14,23341.1308,20269.5085
2016-1-15,23341.006,20269.5085
2016-1-18,23341.006,20269.5085
2016-1-19,23341.006,20269.5085
2016-1-20,23341.006,20269.5085
2016-1-21,23341.006,20269.5085
2016-1-22,23362.4807,20290.9832
2016-1-25,23362.4807,20290.9832
2016-1-26,23362.4807,20290.9832
2016-1-27,23362.4807,20290.9832
2016-1-28,23362.4807,20290.9832
2016-1-29,23362.4807,20290.9832
2016-2-1,23362.4807,20290.9832
2016-2-2,23362.4807,20290.9832
2016-2-3,23362.4807,20290.9832
2016-2-4,23362.4807,20290.9832
2016-2-5,23362.4807,20290.9832
2016-2-15,23362.4807,20290.9832
2016-2-16,23362.4807,20290.9832
2016-2-17,23362.4807,20290.9832
2016-2-18,23362.4807,20290.9832
2016-2-19,23362.4807,20290.9832
2016-2-22,23362.4807,20290.9832
2016-2-23,23362.4807,20290.9832
2016-2-24,23362.4807,20290.9832
2016-2-25,23362.4807,20290.9832
2016-2-26,23362.4807,20290.9832
2016-2-29,23362.4807,20290.9832
2016-3-1,23362.4807,20290.9832
2016-3-2,23362.4807,20290.9832
2016-3-3,23362.4807,20290.9832
2016-3-4,23362.4807,20290.9832
2016-3-7,23362.4807,20290.9832
2016-3-8,23362.4807,20290.9832
2016-3-9,23362.4807,20290.9832
2016-3-10,23362.4807,20290.9832
2016-3-11,23362.4807,20290.9832
2016-3-14,23362.4807,20290.9832
2016-3-15,23362.4807,20290.9832
2016-3-16,23362.4807,20290.9832
2016-3-17,23362.4807,20290.9832
2016-3-18,23362.4807,20290.9832
2016-3-21,23362.4807,20290.9832
2016-3-22,23372.4758,20300.9783
2016-3-23,23372.4758,20300.9783
2016-3-24,23372.4758,20300.9783
2016-3-25,23372.4758,20300.9783
2016-3-28,23372.4925,20300.9783
2016-3-29,23372.4925,20300.9783
2016-3-30,23372.4925,20300.9783
2016-3-31,23372.4925,20300.9783
2016-4-1,23372.4925,20300.9783
2016-4-5,23372.4927,20300.9783
2016-4-6,23372.4927,20300.9783
2016-4-7,23372.4927,20300.9783
2016-4-8,23372.4927,20300.9783
2016-4-11,23372.4927,20300.9783
2016-4-12,23372.4927,20300.9783
2016-4-13,23372.4927,20300.9783
2016-4-14,23372.4927,20300.9783
2016-4-15,23427.4927,20300.9783
2016-4-18,23427.4927,20300.9783
2016-4-19,23427.4927,20300.9783
2016-4-20,23427.4927,20300.9783
2016-4-21,23427.4927,20300.9783
2016-4-22,23427.4927,20300.9783
2016-4-25,23427.4927,20300.9783
2016-4-26,23427.4927,20300.9783
2016-4-27,23427.4927,20300.9783
2016-4-28,23427.4927,20301.1752
2016-4-29,23427.4927,20301.1752
2016-5-3,23427.4927,20301.1752
2016-5-4,23427.4927,20301.1752
2016-5-5,23427.4927,20301.1752
2016-5-6,23448.8297,20301.1752
2016-5-9,23448.8297,20301.1752
2016-5-10,23448.8297,20301.1752
2016-5-11,23448.8297,20301.1752
2016-5-12,23448.8297,20301.1752
2016-5-13,23448.8297,20301.1752
2016-5-16,23448.8297,20301.1752
2016-5-17,23448.8297,20301.1752
2016-5-18,23448.8297,20301.1752
2016-5-19,23448.8297,20301.1752
2016-5-20,23448.8297,20301.1752
2016-5-23,23448.8297,20301.1752
2016-5-24,23448.8297,20301.1752
2016-5-25,23448.8238,20301.1752
2016-5-26,23448.8238,20301.1752
2016-5-27,23448.8238,20301.1752
2016-5-30,23448.8238,20301.1752
2016-5-31,23448.8238,20301.1752
2016-6-1,23448.8238,20301.1752
2016-6-2,23448.8238,20301.1752
2016-6-3,23448.8238,20301.1752
2016-6-6,23448.8238,20301.1752
2016-6-7,23448.8238,20301.1752
2016-6-8,23448.8238,20301.1752
2016-6-13,23331.9147,20248.1027
2016-6-14,23331.9147,20248.1027
2016-6-15,23331.9147,20248.1027
2016-6-16,23360.532,20248.1027
2016-6-17,23360.532,20248.1027
2016-6-20,23360.532,20248.1027
2016-6-21,23360.532,20248.1027
2016-6-22,23360.532,20248.1027
2016-6-23,23380.185,20267.7557
2016-6-24,23391.174,20278.7447
2016-6-27,23391.174,20278.7447
2016-6-28,23391.174,20278.7447
2016-6-29,23391.174,20284.0458
2016-6-30,23391.174,20284.0458
2016-7-1,23391.174,20284.0458
2016-7-4,23391.174,20284.0458
2016-7-5,23391.174,20284.0458
2016-7-6,23391.174,20284.0458
2016-7-7,23391.174,20284.0458
2016-7-8,23391.174,20292.7458
2016-7-11,23416.5185,20318.0902
2016-7-12,23416.5185,20318.0902
2016-7-13,23416.5185,20318.0902
2016-7-14,23416.5185,20318.0902
2016-7-15,23416.5185,20318.0902
2016-7-18,23416.5185,20318.0902
2016-7-19,23416.5185,20318.0902
2016-7-20,23416.5185,20318.0902
2016-7-21,23416.5185,20318.0902
2016-7-22,23416.5185,20318.0902
2016-7-25,23416.5185,20318.0902
2016-7-26,23416.5185,20318.0902
2016-7-27,23416.5185,20318.0902
2016-7-28,23416.5185,20318.0902
2016-7-29,23416.5405,20318.1122
2016-8-1,23416.5405,20318.1122
2016-8-2,23416.5405,20318.1122
2016-8-3,23416.5405,20318.7493
2016-8-4,23416.5405,20318.7493
2016-8-5,23416.5405,20318.7493
2016-8-8,23416.5405,20318.7493
2016-8-9,23416.5405,20318.7493
2016-8-10,23416.5405,20318.7493
2016-8-11,23416.5405,20318.7493
2016-8-12,23416.5405,20318.7493
2016-8-15,23416.5405,20318.7493
2016-8-16,23416.5405,20318.7493
2016-8-17,23416.5405,20318.7493
2016-8-18,23416.5405,20325.5493
2016-8-19,23416.5405,20325.5493
2016-8-22,23416.5405,20325.5493
2016-8-23,23416.5405,20325.5493
2016-8-24,23416.5405,20325.5493
2016-8-25,23416.5405,20325.5493
2016-8-26,23416.5405,20325.5493
2016-8-29,23416.5405,20325.5493
2016-8-30,23416.5405,20325.5493
2016-8-31,23416.7789,20325.5493
2016-9-1,23416.7789,20331.6178
2016-9-2,23416.7789,20331.6178
2016-9-5,23416.7789,20331.6178
2016-9-6,23416.7789,20331.6178
2016-9-7,23416.7789,20331.6178
2016-9-8,23416.7789,20331.6178
2016-9-9,23416.7789,20331.6178
2016-9-12,23416.7789,20331.6178
2016-9-13,23416.7789,20331.6178
2016-9-14,23416.7789,20331.6178
2016-9-19,23416.7789,20331.8586
2016-9-20,23416.7789,20331.8586
2016-9-21,23416.7789,20331.8586
2016-9-22,23416.7789,20331.8586
2016-9-23,23416.7789,20331.8586
2016-9-26,23416.7789,20331.8586
2016-9-27,23416.7789,20331.8586
2016-9-28,23416.7789,20331.8586
2016-9-29,23416.7789,20331.8586
2016-9-30,23416.7789,20331.8586
2016-10-10,23416.7789,20340.7715
2016-10-11,23416.7658,20340.7715
2016-10-12,23416.7658,20340.7715
2016-10-13,23416.7658,20340.7715
2016-10-14,23416.7658,20340.7715
2016-10-17,23416.7658,20340.7715
2016-10-18,23416.7658,20340.7715
2016-10-19,23416.7658,20340.7715
2016-10-20,23416.7658,20340.7715
2016-10-21,23416.7658,20340.7715
2016-10-24,23416.7658,20340.7715
2016-10-25,23416.7658,20340.7715
2016-10-26,23416.7658,20340.7715
2016-10-27,23416.7658,20340.7715
2016-10-28,23416.7658,20340.7715
2016-10-31,23416.7658,20340.7715
2016-11-1,23416.7658,20340.7715
2016-11-2,23416.7658,20340.7715
2016-11-3,23416.7658,20340.7715
2016-11-4,23416.7658,20340.7715
2016-11-7,23416.7658,20340.7715
2016-11-8,23416.6077,20340.7715
2016-11-9,23416.6077,20340.7715
2016-11-10,23416.6077,20340.7715
2016-11-11,23416.6077,20340.7715
2016-11-14,23416.6077,20340.7715
2016-11-15,23416.6077,20340.7715
2016-11-16,23416.6077,20340.7715
2016-11-17,23416.6077,20340.7715
2016-11-18,23416.6077,20340.7715
2016-11-21,23416.6077,20340.7715
2016-11-22,23416.6077,20340.7715
2016-11-23,23416.6077,20340.7715
2016-11-24,23416.6077,20340.7715
2016-11-25,23416.6077,20340.7715
2016-11-28,23416.6077,20340.7715
2016-11-29,23416.6077,20340.7715
2016-11-30,23416.6077,20340.7715
2016-12-1,23416.6077,20340.7715
2016-12-2,23416.6005,20340.7715
2016-12-5,23416.6005,20340.7715
2016-12-6,23416.6005,20340.7715
2016-12-7,23416.6005,20340.7715
2016-12-8,23416.6005,20340.7715
2016-12-9,23416.6005,20340.7715
2016-12-12,23416.6005,19631.9877
2016-12-13,23416.6005,19631.9877
2016-12-14,23416.6005,19631.9877
2016-12-15,23416.6005,19631.9877
2016-12-16,23416.6005,19631.9877
2016-12-19,23416.6005,19631.9877
2016-12-20,23416.6005,19631.9877
2016-12-21,23416.6005,19631.9877
2016-12-22,23416.6005,19631.9877
2016-12-23,23416.6005,19631.9877
2016-12-26,23416.6005,19631.9877
2016-12-27,23416.6005,19631.9877
2016-12-28,23416.6005,19631.9877
2016-12-29,23416.6005,19631.9877
2016-12-30,23416.6005,19631.9877
2017-1-3,23416.6005,19631.9877
2017-1-4,23416.6005,19631.9877
2017-1-5,23416.6005,19631.9877
2017-1-6,23416.6005,19631.9877
2017-1-9,23416.6005,19632.1397
2017-1-10,23416.6005,19632.1397
2017-1-11,23432.7367,19632.1397
2017-1-12,23432.7367,19632.1397
2017-1-13,23432.7367,19632.1397
2017-1-16,23432.7367,19632.1397
2017-1-17,23432.7367,19632.1397
2017-1-18,23432.7367,19632.1397
2017-1-19,23446.8377,19646.2408
2017-1-20,23446.8377,19646.2408
2017-1-23,23453.4167,19652.8197
2017-1-24,23453.4167,19652.8197
2017-1-25,23453.4167,19652.8197
2017-1-26,23453.4167,19652.8197
2017-2-3,23453.4167,19652.8197
2017-2-6,23453.4167,19652.8197
2017-2-7,23453.4204,19652.826
2017-2-8,23453.4204,19652.826
2017-2-9,23453.4204,19652.826
2017-2-10,23453.4204,19652.826
2017-2-13,23453.6789,19652.826
2017-2-14,23453.6789,19652.826
2017-2-15,23453.6789,19652.826
2017-2-16,23453.6789,19652.826
2017-2-17,23453.6789,19652.826
2017-2-20,23453.6789,19652.826
2017-2-21,23453.6789,19652.826
2017-2-22,23453.6789,19652.826
2017-2-23,23453.6789,19652.968
2017-2-24,23453.6789,19652.968
2017-2-27,23510.204,19652.968
2017-2-28,23510.204,19652.968
2017-3-1,23510.204,19652.968
2017-3-2,23510.204,19652.968
2017-3-3,23510.204,19652.968
2017-3-6,23510.204,19652.968
2017-3-7,23510.204,19652.968
2017-3-8,23510.204,19652.968
2017-3-9,23510.204,19652.968
2017-3-10,23510.204,19652.968
2017-3-13,23510.204,19652.968
2017-3-14,23524.6047,19652.968
2017-3-15,23524.6047,19652.968
2017-3-16,23524.6047,19652.968
2017-3-17,23524.6047,19652.968
2017-3-20,23524.6047,19652.968
2017-3-21,23524.6047,19652.968
2017-3-22,23524.6047,19652.968
2017-3-23,23524.6047,19652.968
2017-3-24,23524.6047,19652.968
2017-3-27,23524.6047,19652.968
2017-3-28,23524.6047,19652.968
2017-3-29,23524.6047,19652.9679
2017-3-30,23524.6047,19652.9679
2017-3-31,23524.6846,19652.9679
2017-4-5,23524.6846,19652.9679
2017-4-6,23524.6846,19652.9679
2017-4-7,23524.6846,19652.9679
2017-4-10,23524.6846,19652.9679
2017-4-11,23541.9031,19680.5864
2017-4-12,23541.9031,19680.5864
2017-4-13,23541.9031,19680.5864
2017-4-14,23541.9031,19680.5864
2017-4-17,23541.9031,19680.5864
2017-4-18,23541.9031,19680.5864
2017-4-19,23541.9031,19680.5864
2017-4-20,23541.9031,19680.5864
2017-4-21,23557.3471,19680.5864
2017-4-24,23557.3471,19680.5864
2017-4-25,23557.3471,19680.5864
2017-4-26,23557.3471,19680.5864
2017-4-27,23557.3471,19680.5864
2017-4-28,23557.3471,19680.5864
2017-5-2,23557.3471,19680.5864
2017-5-3,23557.4162,19680.5864
2017-5-4,23557.4162,19680.5864
2017-5-5,23557.4162,19680.5864
2017-5-8,23557.4162,19680.5864
2017-5-9,23557.4162,19681.0758
2017-5-10,23557.4162,19681.0758
2017-5-11,23557.4162,19681.0758
2017-5-12,23557.4162,19681.0758
2017-5-15,23557.4162,19681.0758
2017-5-16,23557.4162,19681.0758
2017-5-17,23557.4162,19681.0758
2017-5-18,23557.4162,19681.0758
2017-5-19,23557.4162,19681.0758
2017-5-22,23557.4162,19681.0758
2017-5-23,23557.4162,19681.0758
2017-5-24,23557.4162,19681.0758
2017-5-25,23622.2711,19753.1129
2017-5-26,23622.2711,19753.1129
2017-5-31,23622.2711,19753.1129
2017-6-1,23622.2711,19753.1129
2017-6-2,23622.2711,19753.1129
2017-6-5,23622.2711,19753.1129
2017-6-6,23622.2711,19753.1129
2017-6-7,23622.2711,19753.1129
2017-6-8,23622.2711,19753.1129
2017-6-9,23622.2711,19753.1081
2017-6-12,23429.1091,19548.7379
2017-6-13,23429.1091,19548.7379
2017-6-14,23429.1091,19548.7379
2017-6-15,23429.1171,19548.7379
2017-6-16,23429.3484,19548.7379
2017-6-19,23429.3484,19548.7379
2017-6-20,23429.3484,19548.7379
2017-6-21,23429.3484,19548.7379
2017-6-22,23429.3484,19548.7379
2017-6-23,23429.3484,19548.7379
2017-6-26,23429.3484,19548.7379
2017-6-27,23429.3484,19548.7379
2017-6-28,23429.3484,19548.7379
2017-6-29,23450.7195,19548.7379
2017-6-30,23450.7195,19548.7379
2017-7-3,23450.7195,19548.7379
2017-7-4,23450.7195,19548.7379
2017-7-5,23450.7195,19548.7379
2017-7-6,23450.7195,19548.7379
2017-7-7,23450.7195,19548.7379
2017-7-10,23450.7195,19548.7379
2017-7-11,23450.7195,19548.7379
2017-7-12,23481.1329,19579.1512
2017-7-13,23481.1329,19579.1512
2017-7-14,23481.1329,19579.1512
2017-7-17,23481.1329,19579.1512
2017-7-18,23481.1329,19579.1512
2017-7-19,23481.1329,19579.1512
2017-7-20,23499.1462,19597.1646
2017-7-21,23499.1462,19597.1646
2017-7-24,23499.1462,19597.1646
2017-7-25,23499.1462,19597.1646
2017-7-26,23499.1462,19597.1646
2017-7-27,23499.1462,19597.1646
2017-7-28,23499.1462,19597.1646
2017-7-31,23499.1462,19597.1646
2017-8-1,23499.1462,19597.1646
2017-8-2,23499.1462,19597.1646
2017-8-3,23499.1462,19597.1646
2017-8-4,23499.1462,19597.1646
2017-8-7,23499.1462,19597.1646
2017-8-8,23499.1462,19597.1646
2017-8-9,23499.1462,19597.1646
2017-8-10,23499.1462,19597.1646
2017-8-11,23499.1462,19599.8707
2017-8-14,23499.1462,19599.8707
2017-8-15,23499.1462,19599.8707
2017-8-16,23499.1462,19599.8707
2017-8-17,23499.1462,19599.8707
2017-8-18,23499.1462,19599.8707
2017-8-21,23499.1462,19599.8707
2017-8-22,23499.1462,19599.8707
2017-8-23,23499.1462,19599.8707
2017-8-24,23499.1462,19599.8707
2017-8-25,23499.1462,19599.8707
2017-8-28,23499.1462,19599.8707
2017-8-29,23499.1462,19599.8707
2017-8-30,23499.1462,19599.8707
2017-8-31,23499.4465,19599.8707
2017-9-1,23499.4465,19599.8707
2017-9-4,23499.4465,19599.8707
2017-9-5,23499.4465,19599.8707
2017-9-6,23511.9297,19612.3538
2017-9-7,23511.9297,19612.3538
2017-9-8,23511.9297,19612.3538
2017-9-11,23511.9297,19612.3538
2017-9-12,23511.9297,19612.3538
2017-9-13,23511.9297,19612.3538
2017-9-14,23511.9297,19612.3538
2017-9-15,23511.9297,19612.3538
2017-9-18,23511.9297,19612.3538
2017-9-19,23511.9297,19612.3538
2017-9-20,23511.9297,19612.3538
2017-9-21,23511.9297,19612.3538
2017-9-22,23511.9297,19612.3538
2017-9-25,23511.9297,19612.3538
2017-9-26,23511.9297,19612.3538
2017-9-27,23511.9297,19612.3538
2017-9-28,23511.9297,19612.3538
2017-9-29,23511.9297,19612.3538
2017-10-9,23511.9297,19612.3538
2017-10-10,23511.9299,19612.3541
2017-10-11,23511.9299,19612.3541
2017-10-12,23511.9299,19612.3541
2017-10-13,23511.9299,19612.3541
2017-10-16,23511.9299,19612.3541
2017-10-17,23511.9299,19612.3541
2017-10-18,23511.9299,19612.3541
2017-10-19,23511.9299,19612.3541
2017-10-20,23511.9299,19612.3541
2017-10-23,23511.9299,19612.3541
2017-10-24,23511.9299,19612.3541
2017-10-25,23511.9299,19612.3541
2017-10-26,23511.9299,19612.3541
2017-10-27,23511.9299,19612.3541
2017-10-30,23511.9299,19612.3541
2017-10-31,23511.9299,19612.3541
2017-11-1,23511.9299,19612.3541
2017-11-2,23602.5924,19702.7276
2017-11-3,23602.5924,19702.7276
2017-11-6,23602.5924,19702.7276
2017-11-7,23602.5924,19702.7276
2017-11-8,23602.5924,19702.7277
2017-11-9,23602.5924,19702.7277
2017-11-10,23602.5924,19702.7277
2017-11-13,23602.5924,19702.7277
2017-11-14,23602.5924,19702.7277
2017-11-15,23602.5924,19702.7277
2017-11-16,23602.5924,19702.7226
2017-11-17,23602.5924,19702.7226
2017-11-20,23602.5924,19702.7226
2017-11-21,23602.5924,19702.7226
2017-11-22,23602.5924,19702.7226
2017-11-23,23602.5924,19702.7226
2017-11-24,23602.5924,19702.7226
2017-11-27,23602.5924,19702.7226
2017-11-28,23602.5924,19702.7226
2017-11-29,23602.5924,19702.7226
2017-11-30,23602.5924,19702.7226
2017-12-1,23602.5924,19702.7226
2017-12-4,23602.5924,19702.7226
2017-12-5,23602.5924,19702.7226
2017-12-6,23602.5924,19702.7226
2017-12-7,23602.5924,19702.7226
2017-12-8,23602.5924,19702.7226
2017-12-11,23602.5924,20138.5205
2017-12-12,23602.5787,20138.5067
2017-12-13,23602.5787,20138.5067
2017-12-14,23602.5787,20138.5067
2017-12-15,23602.5787,20138.5067
2017-12-18,23602.5787,20138.5067
2017-12-19,23602.5787,20138.5067
2017-12-20,23602.5787,20138.5067
2017-12-21,23602.5787,20138.5067
2017-12-22,23602.5787,20138.5067
2017-12-25,23660.6787,20196.6068
2017-12-26,23660.6787,20196.8819
2017-12-27,23660.6787,20196.8819
2017-12-28,23660.6787,20196.8819
2017-12-29,23660.6787,20196.8819
2018-1-2,23689.6284,20233.6136
2018-1-3,23689.6284,20233.6136
2018-1-4,23689.6284,20233.6136
2018-1-5,23689.6284,20233.6136
2018-1-8,23689.6284,20233.6136
2018-1-9,23689.6284,20233.6136
2018-1-10,23689.6284,20233.6136
2018-1-11,23689.6284,20233.6136
2018-1-12,23689.6284,20233.6136
,,
数据来源：Wind资讯,,
